oriMaxPrice,productId,discount,itemEvalTotalNum,soldout,productTitle,productDetailUrl,productImage,oriMinPrice,minPrice,totalStock,orders,maxPrice,productPositiveRate,productAverageStar,stock
"US $555.00",32845500751,55,1567,false,"BEAUDIVA Brazilian Hair Body Wave 3 Bundles With Closure Human Hair Bundles With Closure Lace Closure Remy Human Hair Extension","//aliexpress.ru/item/32845500751.html?gps-id=5547572&scm=1007.19201.130907.0&scm_id=1007.19201.130907.0&scm-url=1007.19201.130907.0&pvid=95313417-f359-425b-879f-aa7b947a0478","//ae01.alicdn.com/kf/H0dcc791ba4c0462b82125f318ce6f8f3E.jpg_350x350.jpg","US $106.03","US $47.71",24600,7,"US $249.75",95.0,4.7,24593
"US $620.00",32851315440,63,2553,false,"Ishow Highlight Wig Brown Colored Human Hair Wigs 13X4 13X6x1 Ombre Straight Lace Front Wig Highlight Lace Front Human Hair Wigs","//aliexpress.ru/item/32851315440.html?gps-id=5547572&scm=1007.19201.130907.0&scm_id=1007.19201.130907.0&scm-url=1007.19201.130907.0&pvid=95313417-f359-425b-879f-aa7b947a0478","//ae01.alicdn.com/kf/H3df05654af6a4e51ada867f03bcf6c5ey.jpg_350x350.jpg","US $142.62","US $52.77",120000,10,"US $229.40",93.3,4.7,119990
"US $125.58",4000517004580,54,10531,false,"LCD Display Massage Gun Deep Muscle Massager Muscle Pain Body Neck Massage Exercising  Relaxation Slimming Shaping Pain Relief","//aliexpress.ru/item/4000517004580.html?gps-id=5547572&scm=1007.19201.130907.0&scm_id=1007.19201.130907.0&scm-url=1007.19201.130907.0&pvid=95313417-f359-425b-879f-aa7b947a0478","//ae01.alicdn.com/kf/H6943f75bd9d74292b514d33e3d0d0c24s.jpg_350x350.jpg","US $89.32","US $41.09",12892,52,"US $57.77",97.3,4.9,12840
"US $650.09",33037877055,50,676,false,"Links Deep Wave Human Hair Wigs 28 30 Inch Lace Frontal wig for Black women Water Curly Wig Brazilian Human Hair Pre plucked","//aliexpress.ru/item/33037877055.html?gps-id=5547572&scm=1007.19201.130907.0&scm_id=1007.19201.130907.0&scm-url=1007.19201.130907.0&pvid=95313417-f359-425b-879f-aa7b947a0478","//ae01.alicdn.com/kf/H3552ca0375e54a7c9d6d6e0044ad41ccS.jpg_350x350.jpg","US $121.26","US $60.63",5200,3,"US $325.04",91.4,4.6,5197
"US $570.87",32890226277,58,503,false,"Meetu Straight Bundles with Frontal HD Lace Frontal and Bundles Malaysian Bone Straight Human Hair Bundles with Frontal Closure","//aliexpress.ru/item/32890226277.html?gps-id=5547572&scm=1007.19201.130907.0&scm_id=1007.19201.130907.0&scm-url=1007.19201.130907.0&pvid=95313417-f359-425b-879f-aa7b947a0478","//ae01.alicdn.com/kf/Hb5ec2526a2ba4fc38a9365e2627f11a53.jpg_350x350.jpg","US $108.22","US $45.45",8400,5,"US $239.77",93.8,4.7,8395
"US $399.00",1005001560995907,60,972,false,"Beaufox Water Wave Headband Wig Human Hair Wigs For Black Women Brazilian Scarf Wig No Gel Glueless Remy Curly Human Hair Wigs","//aliexpress.ru/item/1005001560995907.html?gps-id=5547572&scm=1007.19201.130907.0&scm_id=1007.19201.130907.0&scm-url=1007.19201.130907.0&pvid=95313417-f359-425b-879f-aa7b947a0478","//ae01.alicdn.com/kf/H6630959fb1ba48fd92a8c9d2bf7a4b67i.jpg_350x350.jpg","US $110.00","US $44.00",2200,3,"US $159.60",95.9,4.8,2197
"US $3.84",4001042595335,99,4759,false,"Fluorescence Butterfly Heart Fruits Various Shapes Nail Art Glitter Flakes 3D colourful Sequins Polish Manicure Nail Decoration","//aliexpress.ru/item/4001042595335.html?gps-id=5547572&scm=1007.19201.130907.0&scm_id=1007.19201.130907.0&scm-url=1007.19201.130907.0&pvid=95313417-f359-425b-879f-aa7b947a0478","//ae01.alicdn.com/kf/Hb15f339b99e341d0a18b7bff2dd5d559D.jpg_350x350.jpg","US $3.84","US $0.01",40000,17,"US $0.01",96.6,4.8,39983
"US $87.32",4000082317523,38,10234,false,"High frequency Massage gun muscle relax body relaxation Electric massager with portable bag for fitness Phoenix A2","//aliexpress.ru/item/4000082317523.html?gps-id=5547572&scm=1007.19201.130907.0&scm_id=1007.19201.130907.0&scm-url=1007.19201.130907.0&pvid=95313417-f359-425b-879f-aa7b947a0478","//ae01.alicdn.com/kf/H8a8cd1796e3348a09978b9354bcb1e34O.jpg_350x350.jpg","US $75.37","US $46.73",5186,86,"US $54.14",97.0,4.8,5100
"US $155.85",32953292868,91,1609,false,"Women Watches Women Fashion Watch 2020 Geneva Designer Ladies Watch Luxury Brand Diamond Quartz Gold Wrist Watch Gifts For Women","//aliexpress.ru/item/32953292868.html?gps-id=5547572&scm=1007.19201.130907.0&scm_id=1007.19201.130907.0&scm-url=1007.19201.130907.0&pvid=95313417-f359-425b-879f-aa7b947a0478","//ae01.alicdn.com/kf/HTB1.2dWacnrK1RjSspkq6yuvXXag.jpg_350x350.jpg","US $155.85","US $14.03",438,20,"US $14.03",97.0,4.9,418
"US $295.87",4000077614801,94,71,false,"2020 SKMEI Boys Girls Electronic Digital Watch Outdoor Military Sport Watches Clock 50M Waterproof Wristwatch For Children Kids","//aliexpress.ru/item/4000077614801.html?gps-id=5547572&scm=1007.19201.130907.0&scm_id=1007.19201.130907.0&scm-url=1007.19201.130907.0&pvid=95313417-f359-425b-879f-aa7b947a0478","//ae01.alicdn.com/kf/He69256c6e7b04008ae198993f453e4fcQ.jpg_350x350.jpg","US $139.60","US $8.38",30,0,"US $17.75",96.9,4.8,30
"US $219.90",4000377930423,91,827,false,"Relojes Hombre 2020 LIGE New Watches Men Luxury Brand Chronograph Male Sport Watches Waterproof Stainless Steel Quartz Men Watch","//aliexpress.ru/item/4000377930423.html?gps-id=5547572&scm=1007.19201.130907.0&scm_id=1007.19201.130907.0&scm-url=1007.19201.130907.0&pvid=95313417-f359-425b-879f-aa7b947a0478","//ae01.alicdn.com/kf/Hf4dd61119ca3404cbc72f823c6167e04k.jpg_350x350.jpg","US $169.90","US $15.29",2035,2,"US $19.79",93.4,4.7,2033
"US $992.60",32849739877,82,541,false,"Straight Wave bundles human hair Brazilian Natural Black Hair Weave 4 Remy Human hair bundles for Black Women Hair Extensions","//aliexpress.ru/item/32849739877.html?gps-id=5547572&scm=1007.19201.130907.0&scm_id=1007.19201.130907.0&scm-url=1007.19201.130907.0&pvid=95313417-f359-425b-879f-aa7b947a0478","//ae01.alicdn.com/kf/Hac0d89d72c4247e2b57d518754c859e10.jpg_350x350.jpg","US $87.94","US $15.83",7350,1,"US $178.67",98.8,4.9,7349
"US $189.90",33041129427,91,563,false,"Mens Watches LIGE Top Brand Luxury Waterproof Ultra Thin Date Clock Male Steel Strap Casual Quartz Watch Men Sports Wrist Watch","//aliexpress.ru/item/33041129427.html?gps-id=5547572&scm=1007.19201.130907.0&scm_id=1007.19201.130907.0&scm-url=1007.19201.130907.0&pvid=95313417-f359-425b-879f-aa7b947a0478","//ae01.alicdn.com/kf/HTB1P2ZZaW5s3KVjSZFNq6AD3FXaT.jpg_350x350.jpg","US $169.90","US $15.29",6635,1,"US $17.09",95.7,4.8,6634
"US $364.74",1005001855111038,50,943,false,"Straight Bundles Bone Straight Hair 30 Inch Long Brazilian Natural Human Hair 1 3 4 Bundles For Black Women Virgin Hair Bundles","//aliexpress.ru/item/1005001855111038.html?gps-id=5547572&scm=1007.19201.130907.0&scm_id=1007.19201.130907.0&scm-url=1007.19201.130907.0&pvid=95313417-f359-425b-879f-aa7b947a0478","//ae01.alicdn.com/kf/Hb8383b9dc1db4c47ad81df81b645e17fY.jpg_350x350.jpg","US $26.70","US $13.35",11390,6,"US $182.37",99.4,5.0,11384
"US $169.90",4001115238489,91,583,false,"LIGE Womens Watches Top Brand Luxury Waterproof Watch Fashion Ladies Stainless Steel Ultra-Thin Casual Wristwatch Quartz Clock","//aliexpress.ru/item/4001115238489.html?gps-id=5547572&scm=1007.19201.130907.0&scm_id=1007.19201.130907.0&scm-url=1007.19201.130907.0&pvid=95313417-f359-425b-879f-aa7b947a0478","//ae01.alicdn.com/kf/Hdbac77a5073c4e719a7597840cfc950e8.jpg_350x350.jpg","US $159.90","US $14.39",2195,2,"US $15.29",93.8,4.7,2193
"US $26.59",4001006429684,53,1348,false,"KLALIEN fashion elegant bow white female mini dress summer party birthday festival cute sexy french romantic silk dress women","//aliexpress.ru/item/4001006429684.html?gps-id=5547572&scm=1007.19201.130907.0&scm_id=1007.19201.130907.0&scm-url=1007.19201.130907.0&pvid=95313417-f359-425b-879f-aa7b947a0478","//ae01.alicdn.com/kf/Hd7170276b7064cf687ca12a0333ad376t.jpg_350x350.jpg","US $26.59","US $12.50",543,18,"US $12.50",94.6,4.7,525
"US $1,099.90",4001255198732,91,304,false,"2021 New LIGE Sword-Shaped Pointer Automatic Mechanical Watch Luxury Tungsten Steel 50m Waterproof Business Watch Men Watches","//aliexpress.ru/item/4001255198732.html?gps-id=5547572&scm=1007.19201.130907.0&scm_id=1007.19201.130907.0&scm-url=1007.19201.130907.0&pvid=95313417-f359-425b-879f-aa7b947a0478","//ae01.alicdn.com/kf/Hb3b1eb8a9202497480988aac21bd0eb53.jpg_350x350.jpg","US $1,099.90","US $98.99",1500,0,"US $98.99",98.6,4.9,1500
"US $899.90",1005001749356470,91,68,false,"LIGE Men Watches Sapphire Glass 40MM Ceramic GMT Automatic Mechanical Watch Men 100m Waterproof Classic Fashion Luxury Clock+Box","//aliexpress.ru/item/1005001749356470.html?gps-id=5547572&scm=1007.19201.130907.0&scm_id=1007.19201.130907.0&scm-url=1007.19201.130907.0&pvid=95313417-f359-425b-879f-aa7b947a0478","//ae01.alicdn.com/kf/Ha51ee107c69e4570967b4798beea6fe6m.jpg_350x350.jpg","US $599.90","US $53.99",1958,1,"US $80.99",95.6,4.8,1957
"US $199.90",1005001889489942,91,23,false,"LIGE Brand Men Digital Watch Shock Military Sport Watches Fashion Waterproof Electronic Wristwatch Mens Reloj Inteligente Hombre","//aliexpress.ru/item/1005001889489942.html?gps-id=5547572&scm=1007.19201.130907.0&scm_id=1007.19201.130907.0&scm-url=1007.19201.130907.0&pvid=95313417-f359-425b-879f-aa7b947a0478","//ae01.alicdn.com/kf/H6617de0a227b4cb5b0b3ab029a18d631K.jpg_350x350.jpg","US $199.90","US $17.99",786,0,"US $17.99",94.8,4.7,786
"US $79.90",4001322339273,91,68,false,"Anbbas Synthetic Badger Shaving Brush Durable Resin Handle Travel Brush,Lathering Well with Shaving Soap Cream for Men Wet Shave","//aliexpress.ru/item/4001322339273.html?gps-id=5547572&scm=1007.19201.130907.0&scm_id=1007.19201.130907.0&scm-url=1007.19201.130907.0&pvid=95313417-f359-425b-879f-aa7b947a0478","//ae01.alicdn.com/kf/H69c22f32522848cca5e0e4016298421bS.jpg_350x350.jpg","US $69.90","US $6.29",50,0,"US $7.19",95.6,4.8,50
"US $555.00",32845500751,55,1567,true,"BEAUDIVA Brazilian Hair Body Wave 3 Bundles With Closure Human Hair Bundles With Closure Lace Closure Remy Human Hair Extension","//aliexpress.ru/item/32845500751.html?gps-id=5547572&scm=1007.19201.130907.0&scm_id=1007.19201.130907.0&scm-url=1007.19201.130907.0&pvid=e0aee39a-f20d-4b49-a8a7-6e977a2c5c5e","//ae01.alicdn.com/kf/H0dcc791ba4c0462b82125f318ce6f8f3E.jpg_350x350.jpg","US $106.03","US $47.71",0,0,"US $249.75",95.0,4.7,0
"US $620.00",32851315440,63,2553,true,"Ishow Highlight Wig Brown Colored Human Hair Wigs 13X4 13X6x1 Ombre Straight Lace Front Wig Highlight Lace Front Human Hair Wigs","//aliexpress.ru/item/32851315440.html?gps-id=5547572&scm=1007.19201.130907.0&scm_id=1007.19201.130907.0&scm-url=1007.19201.130907.0&pvid=e0aee39a-f20d-4b49-a8a7-6e977a2c5c5e","//ae01.alicdn.com/kf/H3df05654af6a4e51ada867f03bcf6c5ey.jpg_350x350.jpg","US $142.62","US $52.77",0,0,"US $229.40",93.3,4.7,0
"US $125.58",4000517004580,54,10524,true,"LCD Display Massage Gun Deep Muscle Massager Muscle Pain Body Neck Massage Exercising  Relaxation Slimming Shaping Pain Relief","//aliexpress.ru/item/4000517004580.html?gps-id=5547572&scm=1007.19201.130907.0&scm_id=1007.19201.130907.0&scm-url=1007.19201.130907.0&pvid=e0aee39a-f20d-4b49-a8a7-6e977a2c5c5e","//ae01.alicdn.com/kf/H6943f75bd9d74292b514d33e3d0d0c24s.jpg_350x350.jpg","US $89.32","US $41.09",0,0,"US $57.77",97.3,4.9,0
"US $650.09",33037877055,50,676,true,"Links Deep Wave Human Hair Wigs 28 30 Inch Lace Frontal wig for Black women Water Curly Wig Brazilian Human Hair Pre plucked","//aliexpress.ru/item/33037877055.html?gps-id=5547572&scm=1007.19201.130907.0&scm_id=1007.19201.130907.0&scm-url=1007.19201.130907.0&pvid=e0aee39a-f20d-4b49-a8a7-6e977a2c5c5e","//ae01.alicdn.com/kf/H3552ca0375e54a7c9d6d6e0044ad41ccS.jpg_350x350.jpg","US $121.26","US $60.63",0,0,"US $325.04",91.4,4.6,0
"US $570.87",32890226277,58,502,true,"Meetu Straight Bundles with Frontal HD Lace Frontal and Bundles Malaysian Bone Straight Human Hair Bundles with Frontal Closure","//aliexpress.ru/item/32890226277.html?gps-id=5547572&scm=1007.19201.130907.0&scm_id=1007.19201.130907.0&scm-url=1007.19201.130907.0&pvid=e0aee39a-f20d-4b49-a8a7-6e977a2c5c5e","//ae01.alicdn.com/kf/Hb5ec2526a2ba4fc38a9365e2627f11a53.jpg_350x350.jpg","US $108.22","US $45.45",0,0,"US $239.77",93.7,4.7,0
"US $399.00",1005001560995907,60,972,true,"Beaufox Water Wave Headband Wig Human Hair Wigs For Black Women Brazilian Scarf Wig No Gel Glueless Remy Curly Human Hair Wigs","//aliexpress.ru/item/1005001560995907.html?gps-id=5547572&scm=1007.19201.130907.0&scm_id=1007.19201.130907.0&scm-url=1007.19201.130907.0&pvid=e0aee39a-f20d-4b49-a8a7-6e977a2c5c5e","//ae01.alicdn.com/kf/H6630959fb1ba48fd92a8c9d2bf7a4b67i.jpg_350x350.jpg","US $110.00","US $44.00",0,0,"US $159.60",95.9,4.8,0
"US $3.84",4001042595335,99,4760,true,"Fluorescence Butterfly Heart Fruits Various Shapes Nail Art Glitter Flakes 3D colourful Sequins Polish Manicure Nail Decoration","//aliexpress.ru/item/4001042595335.html?gps-id=5547572&scm=1007.19201.130907.0&scm_id=1007.19201.130907.0&scm-url=1007.19201.130907.0&pvid=e0aee39a-f20d-4b49-a8a7-6e977a2c5c5e","//ae01.alicdn.com/kf/Hb15f339b99e341d0a18b7bff2dd5d559D.jpg_350x350.jpg","US $3.84","US $0.01",0,0,"US $0.01",96.6,4.8,0
"US $87.32",4000082317523,38,10238,true,"High frequency Massage gun muscle relax body relaxation Electric massager with portable bag for fitness Phoenix A2","//aliexpress.ru/item/4000082317523.html?gps-id=5547572&scm=1007.19201.130907.0&scm_id=1007.19201.130907.0&scm-url=1007.19201.130907.0&pvid=e0aee39a-f20d-4b49-a8a7-6e977a2c5c5e","//ae01.alicdn.com/kf/H8a8cd1796e3348a09978b9354bcb1e34O.jpg_350x350.jpg","US $75.37","US $46.73",0,0,"US $54.14",97.0,4.8,0
"US $155.85",32953292868,91,1609,true,"Women Watches Women Fashion Watch 2020 Geneva Designer Ladies Watch Luxury Brand Diamond Quartz Gold Wrist Watch Gifts For Women","//aliexpress.ru/item/32953292868.html?gps-id=5547572&scm=1007.19201.130907.0&scm_id=1007.19201.130907.0&scm-url=1007.19201.130907.0&pvid=e0aee39a-f20d-4b49-a8a7-6e977a2c5c5e","//ae01.alicdn.com/kf/HTB1.2dWacnrK1RjSspkq6yuvXXag.jpg_350x350.jpg","US $155.85","US $14.03",0,0,"US $14.03",97.0,4.9,0
"US $295.87",4000077614801,94,71,true,"2020 SKMEI Boys Girls Electronic Digital Watch Outdoor Military Sport Watches Clock 50M Waterproof Wristwatch For Children Kids","//aliexpress.ru/item/4000077614801.html?gps-id=5547572&scm=1007.19201.130907.0&scm_id=1007.19201.130907.0&scm-url=1007.19201.130907.0&pvid=e0aee39a-f20d-4b49-a8a7-6e977a2c5c5e","//ae01.alicdn.com/kf/He69256c6e7b04008ae198993f453e4fcQ.jpg_350x350.jpg","US $139.60","US $8.38",0,0,"US $17.75",96.9,4.8,0
"US $219.90",4000377930423,91,827,true,"Relojes Hombre 2020 LIGE New Watches Men Luxury Brand Chronograph Male Sport Watches Waterproof Stainless Steel Quartz Men Watch","//aliexpress.ru/item/4000377930423.html?gps-id=5547572&scm=1007.19201.130907.0&scm_id=1007.19201.130907.0&scm-url=1007.19201.130907.0&pvid=e0aee39a-f20d-4b49-a8a7-6e977a2c5c5e","//ae01.alicdn.com/kf/Hf4dd61119ca3404cbc72f823c6167e04k.jpg_350x350.jpg","US $169.90","US $15.29",0,0,"US $19.79",93.4,4.7,0
"US $992.60",32849739877,82,541,true,"Straight Wave bundles human hair Brazilian Natural Black Hair Weave 4 Remy Human hair bundles for Black Women Hair Extensions","//aliexpress.ru/item/32849739877.html?gps-id=5547572&scm=1007.19201.130907.0&scm_id=1007.19201.130907.0&scm-url=1007.19201.130907.0&pvid=e0aee39a-f20d-4b49-a8a7-6e977a2c5c5e","//ae01.alicdn.com/kf/Hac0d89d72c4247e2b57d518754c859e10.jpg_350x350.jpg","US $87.94","US $15.83",0,0,"US $178.67",98.8,4.9,0
"US $1,039.77",32884617228,48,1541,true,"Lace Front Human Hair Wigs Short Straight 28 30 40 inch Brazilian Natural Color Frontal Wig Pre Plucked Cheap For Black Women","//aliexpress.ru/item/32884617228.html?gps-id=5547572&scm=1007.19201.130907.0&scm_id=1007.19201.130907.0&scm-url=1007.19201.130907.0&pvid=e0aee39a-f20d-4b49-a8a7-6e977a2c5c5e","//ae01.alicdn.com/kf/He628a7c908f941ebab9f4d95f7bd89ddT.jpg_350x350.jpg","US $102.04","US $53.06",0,0,"US $540.68",94.8,4.7,0
"US $498.88",33025134239,64,1011,true,"360 Lace Wig Human Hair Pre Plucke For Black Women Brazilian Remy Straight Lace Front Human Hair Wigs 360 Lace Frontal Wig","//aliexpress.ru/item/33025134239.html?gps-id=5547572&scm=1007.19201.130907.0&scm_id=1007.19201.130907.0&scm-url=1007.19201.130907.0&pvid=e0aee39a-f20d-4b49-a8a7-6e977a2c5c5e","//ae01.alicdn.com/kf/H8679a226b9fd4714a0c52b88057399b7a.jpg_350x350.jpg","US $134.10","US $48.28",0,0,"US $179.60",94.3,4.7,0
"US $189.90",33041129427,91,563,true,"Mens Watches LIGE Top Brand Luxury Waterproof Ultra Thin Date Clock Male Steel Strap Casual Quartz Watch Men Sports Wrist Watch","//aliexpress.ru/item/33041129427.html?gps-id=5547572&scm=1007.19201.130907.0&scm_id=1007.19201.130907.0&scm-url=1007.19201.130907.0&pvid=e0aee39a-f20d-4b49-a8a7-6e977a2c5c5e","//ae01.alicdn.com/kf/HTB1P2ZZaW5s3KVjSZFNq6AD3FXaT.jpg_350x350.jpg","US $169.90","US $15.29",0,0,"US $17.09",95.7,4.8,0
"US $239.90",1005001786567599,91,179,true,"2021 LIGE Men Watches Top Brand Luxury Blue Leather Chronograph Sport Watch For Men Fashion Date Waterproof Clock Reloj Hombre","//aliexpress.ru/item/1005001786567599.html?gps-id=5547572&scm=1007.19201.130907.0&scm_id=1007.19201.130907.0&scm-url=1007.19201.130907.0&pvid=e0aee39a-f20d-4b49-a8a7-6e977a2c5c5e","//ae01.alicdn.com/kf/H57910cbd00cd4b7fb636c24d56912663n.jpg_350x350.jpg","US $239.90","US $21.59",0,0,"US $21.59",94.9,4.7,0
"US $364.74",1005001855111038,50,943,true,"Straight Bundles Bone Straight Hair 30 Inch Long Brazilian Natural Human Hair 1 3 4 Bundles For Black Women Virgin Hair Bundles","//aliexpress.ru/item/1005001855111038.html?gps-id=5547572&scm=1007.19201.130907.0&scm_id=1007.19201.130907.0&scm-url=1007.19201.130907.0&pvid=e0aee39a-f20d-4b49-a8a7-6e977a2c5c5e","//ae01.alicdn.com/kf/Hb8383b9dc1db4c47ad81df81b645e17fY.jpg_350x350.jpg","US $26.70","US $13.35",0,0,"US $182.37",99.4,5.0,0
"US $169.90",4001115238489,91,583,true,"LIGE Womens Watches Top Brand Luxury Waterproof Watch Fashion Ladies Stainless Steel Ultra-Thin Casual Wristwatch Quartz Clock","//aliexpress.ru/item/4001115238489.html?gps-id=5547572&scm=1007.19201.130907.0&scm_id=1007.19201.130907.0&scm-url=1007.19201.130907.0&pvid=e0aee39a-f20d-4b49-a8a7-6e977a2c5c5e","//ae01.alicdn.com/kf/Hdbac77a5073c4e719a7597840cfc950e8.jpg_350x350.jpg","US $159.90","US $14.39",0,0,"US $15.29",93.8,4.7,0
"US $26.59",4001006429684,53,1350,true,"KLALIEN fashion elegant bow white female mini dress summer party birthday festival cute sexy french romantic silk dress women","//aliexpress.ru/item/4001006429684.html?gps-id=5547572&scm=1007.19201.130907.0&scm_id=1007.19201.130907.0&scm-url=1007.19201.130907.0&pvid=e0aee39a-f20d-4b49-a8a7-6e977a2c5c5e","//ae01.alicdn.com/kf/Hd7170276b7064cf687ca12a0333ad376t.jpg_350x350.jpg","US $26.59","US $12.50",0,0,"US $12.50",94.6,4.7,0
"US $1,099.90",4001255198732,91,304,true,"2021 New LIGE Sword-Shaped Pointer Automatic Mechanical Watch Luxury Tungsten Steel 50m Waterproof Business Watch Men Watches","//aliexpress.ru/item/4001255198732.html?gps-id=5547572&scm=1007.19201.130907.0&scm_id=1007.19201.130907.0&scm-url=1007.19201.130907.0&pvid=e0aee39a-f20d-4b49-a8a7-6e977a2c5c5e","//ae01.alicdn.com/kf/Hb3b1eb8a9202497480988aac21bd0eb53.jpg_350x350.jpg","US $1,099.90","US $98.99",0,0,"US $98.99",98.6,4.9,0
"US $156.90",33048200857,91,285,true,"Shengke Women Watches Fashion Geneva Designer Ladies Watch Luxury Brand Rectangle Quartz Wrist Watch Luxury Gifts For Women","//aliexpress.ru/item/33048200857.html?gps-id=5547572&scm=1007.19201.130907.0&scm_id=1007.19201.130907.0&scm-url=1007.19201.130907.0&pvid=e0aee39a-f20d-4b49-a8a7-6e977a2c5c5e","//ae01.alicdn.com/kf/H118f57e5378d417f8f7f1a1d4b4459b0Y.jpg_350x350.jpg","US $129.90","US $11.69",0,0,"US $14.12",98.0,4.9,0
"US $899.90",1005001749356470,91,68,true,"LIGE Men Watches Sapphire Glass 40MM Ceramic GMT Automatic Mechanical Watch Men 100m Waterproof Classic Fashion Luxury Clock+Box","//aliexpress.ru/item/1005001749356470.html?gps-id=5547572&scm=1007.19201.130907.0&scm_id=1007.19201.130907.0&scm-url=1007.19201.130907.0&pvid=e0aee39a-f20d-4b49-a8a7-6e977a2c5c5e","//ae01.alicdn.com/kf/Ha51ee107c69e4570967b4798beea6fe6m.jpg_350x350.jpg","US $599.90","US $53.99",0,0,"US $80.99",95.6,4.8,0
"US $199.90",1005001889489942,91,23,true,"LIGE Brand Men Digital Watch Shock Military Sport Watches Fashion Waterproof Electronic Wristwatch Mens Reloj Inteligente Hombre","//aliexpress.ru/item/1005001889489942.html?gps-id=5547572&scm=1007.19201.130907.0&scm_id=1007.19201.130907.0&scm-url=1007.19201.130907.0&pvid=e0aee39a-f20d-4b49-a8a7-6e977a2c5c5e","//ae01.alicdn.com/kf/H6617de0a227b4cb5b0b3ab029a18d631K.jpg_350x350.jpg","US $199.90","US $17.99",0,0,"US $17.99",94.8,4.7,0
"US $79.90",4001322339273,91,68,true,"Anbbas Synthetic Badger Shaving Brush Durable Resin Handle Travel Brush,Lathering Well with Shaving Soap Cream for Men Wet Shave","//aliexpress.ru/item/4001322339273.html?gps-id=5547572&scm=1007.19201.130907.0&scm_id=1007.19201.130907.0&scm-url=1007.19201.130907.0&pvid=e0aee39a-f20d-4b49-a8a7-6e977a2c5c5e","//ae01.alicdn.com/kf/H69c22f32522848cca5e0e4016298421bS.jpg_350x350.jpg","US $69.90","US $6.29",0,0,"US $7.19",95.6,4.8,0
"US $219.90",33051576474,91,329,true,"LIGE Men Watches Top Luxury Brand Full Steel Waterproof Sport Quartz Watch Men Fashion Date Clock Chronograph Relogio Masculino","//aliexpress.ru/item/33051576474.html?gps-id=5547572&scm=1007.19201.130907.0&scm_id=1007.19201.130907.0&scm-url=1007.19201.130907.0&pvid=e0aee39a-f20d-4b49-a8a7-6e977a2c5c5e","//ae01.alicdn.com/kf/HTB1yN8.eYus3KVjSZKbq6xqkFXa2.jpg_350x350.jpg","US $169.90","US $15.29",0,0,"US $19.79",93.5,4.7,0
"US $199.90",4000501422490,91,57,true,"Montre Femme SUNKTA New Women Watch Top Luxury Brand Creative Design Steel Women's Wrist Watches Female Clock Relogio Feminino","//aliexpress.ru/item/4000501422490.html?gps-id=5547572&scm=1007.19201.130907.0&scm_id=1007.19201.130907.0&scm-url=1007.19201.130907.0&pvid=e0aee39a-f20d-4b49-a8a7-6e977a2c5c5e","//ae01.alicdn.com/kf/H886b6656a0d04ac3bc465a0fcd0e0033Y.jpg_350x350.jpg","US $199.90","US $17.99",0,0,"US $17.99",97.9,4.9,0
"US $209.90",4000168980429,91,77,true,"2020 New LIGE Blue Casual Mesh Belt Fashion Quartz Gold Watch Mens Watches Top Brand Luxury Waterproof Clock Relogio Masculino","//aliexpress.ru/item/4000168980429.html?gps-id=5547572&scm=1007.19201.130907.0&scm_id=1007.19201.130907.0&scm-url=1007.19201.130907.0&pvid=e0aee39a-f20d-4b49-a8a7-6e977a2c5c5e","//ae01.alicdn.com/kf/H3c54f65d8dae4378b1508ac7f8cc79b2g.jpg_350x350.jpg","US $149.90","US $13.49",0,0,"US $18.89",93.2,4.7,0
"US $189.90",4001283883171,91,183,false,"LIGE Women Watches Luxury Brand Ultra-thin Calendar Week Quartz Watch Ladies Mesh Stainless Steel Waterproof Gift reloj muje+Box","//aliexpress.ru/item/4001283883171.html?gps-id=5547572&scm=1007.19201.130907.0&scm_id=1007.19201.130907.0&scm-url=1007.19201.130907.0&pvid=e0aee39a-f20d-4b49-a8a7-6e977a2c5c5e","//ae01.alicdn.com/kf/H0b68738940bf4242b0e9ba991b1a0f7cd.jpg_350x350.jpg","US $149.90","US $13.49",1700,2,"US $17.09",96.8,4.8,1698
"US $419.90",4000079736292,91,39,true,"Relogio Masculino LIGE Mens Watches Top Brand Luxury Automatic Mechanical Watch Men Full Steel Business Waterproof Sport Watches","//aliexpress.ru/item/4000079736292.html?gps-id=5547572&scm=1007.19201.130907.0&scm_id=1007.19201.130907.0&scm-url=1007.19201.130907.0&pvid=e0aee39a-f20d-4b49-a8a7-6e977a2c5c5e","//ae01.alicdn.com/kf/H92af49b1f764429eb8c88af2de52d63dH.jpg_350x350.jpg","US $169.90","US $15.29",0,0,"US $37.79",91.8,4.6,0
"US $479.90",4001050575919,91,31,true,"2020LIGE Top Brand Fashion Men Watches Stainless Steel Automatic Watch Men Waterproof Business Mechanical Watch Man reloj hombre","//aliexpress.ru/item/4001050575919.html?gps-id=5547572&scm=1007.19201.130907.0&scm_id=1007.19201.130907.0&scm-url=1007.19201.130907.0&pvid=e0aee39a-f20d-4b49-a8a7-6e977a2c5c5e","//ae01.alicdn.com/kf/H01533676f1644b468d918d0492cfaae32.jpg_350x350.jpg","US $239.90","US $21.59",0,0,"US $43.19",92.9,4.6,0
"US $291.49",1005001808363550,91,806,true,"10000mAh Bike Light USB Rechargeable 3000 Lumens Bike Headlight 5T6 LED Super Bright Flashlight Front Lights and Back Rear light","//aliexpress.ru/item/1005001808363550.html?gps-id=5547572&scm=1007.19201.130907.0&scm_id=1007.19201.130907.0&scm-url=1007.19201.130907.0&pvid=e0aee39a-f20d-4b49-a8a7-6e977a2c5c5e","//ae01.alicdn.com/kf/H35913bfd71a64dc1915695433c0f000cB.jpg_350x350.jpg","US $199.90","US $17.99",0,0,"US $26.23",94.3,4.7,0
"US $359.90",1005001617097947,91,210,true,"LIGE Bluetooth Phone Digital Watch Waterproof Sports Fitness Watch Health Tracker Weather Display 2020 New watch For Men Woman","//aliexpress.ru/item/1005001617097947.html?gps-id=5547572&scm=1007.19201.130907.0&scm_id=1007.19201.130907.0&scm-url=1007.19201.130907.0&pvid=e0aee39a-f20d-4b49-a8a7-6e977a2c5c5e","//ae01.alicdn.com/kf/Hda07363cf9a04898addcd7464b4de0c87.jpg_350x350.jpg","US $359.90","US $32.39",0,0,"US $32.39",95.5,4.8,0
"US $209.90",4000578930995,91,36,true,"2020 New Women Smart watches Waterproof Sports For Iphone phone Smartwatch Heart Rate Monitor Blood Pressure Functions For kid","//aliexpress.ru/item/4000578930995.html?gps-id=5547572&scm=1007.19201.130907.0&scm_id=1007.19201.130907.0&scm-url=1007.19201.130907.0&pvid=e0aee39a-f20d-4b49-a8a7-6e977a2c5c5e","//ae01.alicdn.com/kf/H0cb9cdcc46644c1bb52180efd1608678G.jpg_350x350.jpg","US $189.90","US $17.09",0,0,"US $18.89",87.8,4.4,0
"US $241.66",1005001498467636,90,14,true,"Soft Rebound Memory Foam Butterfly Gel Pillow50*30CM Orthopedic Good Sleep Health Cervical Neck Pain Pillows Women Men Ð¿Ð¾Ð´ÑÑÐºÐ°","//aliexpress.ru/item/1005001498467636.html?gps-id=5547572&scm=1007.19201.130907.0&scm_id=1007.19201.130907.0&scm-url=1007.19201.130907.0&pvid=e0aee39a-f20d-4b49-a8a7-6e977a2c5c5e","//ae01.alicdn.com/kf/H2aa6bbd2259943b798b27bc1ce7b036d1.jpg_350x350.jpg","US $50.94","US $5.09",0,0,"US $24.17",100.0,5.0,0
"US $12.87",33001549366,91,2958,true,"O.TWO.O Eyelash Growth Serum Moisturizing Eyelash Nourishing Essence For Eyelashes Enhancer Lengthening Thicker 3ml","//aliexpress.ru/item/33001549366.html?gps-id=5547572&scm=1007.19201.130907.0&scm_id=1007.19201.130907.0&scm-url=1007.19201.130907.0&pvid=e0aee39a-f20d-4b49-a8a7-6e977a2c5c5e","//ae01.alicdn.com/kf/HTB1oqFmRpYqK1RjSZLeq6zXppXay.jpg_350x350.jpg","US $11.87","US $0.99",0,0,"US $0.99",95.0,4.8,0
"US $235.00",1005001923327550,88,9,true,"Dragon ski goggles double layers UV400 anti-fog big ski mask glasses skiing snow men women snowboard goggles D292","//aliexpress.ru/item/1005001923327550.html?gps-id=5547572&scm=1007.19201.130907.0&scm_id=1007.19201.130907.0&scm-url=1007.19201.130907.0&pvid=e0aee39a-f20d-4b49-a8a7-6e977a2c5c5e","//ae01.alicdn.com/kf/H10063febb0b74bb284ccf589478cb20aL.jpg_350x350.jpg","US $235.00","US $28.20",0,0,"US $28.20",97.8,4.9,0
"US $189.90",1005001267084888,91,109,true,"SUNKTA Watch Ladies Ultra-thin Women Watches top brand luxury fashion rectangular small green watch waterproof Quartz Wristwatch","//aliexpress.ru/item/1005001267084888.html?gps-id=5547572&scm=1007.19201.130907.0&scm_id=1007.19201.130907.0&scm-url=1007.19201.130907.0&pvid=e0aee39a-f20d-4b49-a8a7-6e977a2c5c5e","//ae01.alicdn.com/kf/H59d78e4613644c73bccf63135477cf76i.jpg_350x350.jpg","US $189.90","US $17.09",0,0,"US $17.09",97.8,4.9,0
"US $239.90",4000416002039,91,116,true,"Relogio Masculino LIGE New Men Watches Top Luxury Brand Fashion Sport Waterproof Chronograph Male Stainless Steel Wristwatch Men","//aliexpress.ru/item/4000416002039.html?gps-id=5547572&scm=1007.19201.130907.0&scm_id=1007.19201.130907.0&scm-url=1007.19201.130907.0&pvid=e0aee39a-f20d-4b49-a8a7-6e977a2c5c5e","//ae01.alicdn.com/kf/H389a7fab5ddb44409bf4fe0656cfb67ft.jpg_350x350.jpg","US $209.90","US $18.89",0,0,"US $21.59",93.6,4.7,0
"US $259.90",4001359926764,91,305,true,"2021 NEW Top LIGE Brand Casual Fashion Watches for Man Sport Military Silicagel Wrist Watch Men Watch Chronograph Relojes Hombre","//aliexpress.ru/item/4001359926764.html?gps-id=5547572&scm=1007.19201.130907.0&scm_id=1007.19201.130907.0&scm-url=1007.19201.130907.0&pvid=e0aee39a-f20d-4b49-a8a7-6e977a2c5c5e","//ae01.alicdn.com/kf/H9575dfd7cc37423fb4e2adafca5c6156n.jpg_350x350.jpg","US $189.90","US $17.09",0,0,"US $23.39",97.6,4.9,0
"US $167.90",4001231411717,91,598,true,"Shengke New Design Women Watches Elegant 32 MM Dial Blue Mesh Band Reloj Mujer Japanese Quartz Movement  Luxury Relogio Feminino","//aliexpress.ru/item/4001231411717.html?gps-id=5547572&scm=1007.19201.130907.0&scm_id=1007.19201.130907.0&scm-url=1007.19201.130907.0&pvid=e0aee39a-f20d-4b49-a8a7-6e977a2c5c5e","//ae01.alicdn.com/kf/Hdfa7d536e7c94d87bdfac372f9fee516C.jpg_350x350.jpg","US $167.90","US $15.11",0,0,"US $15.11",98.1,4.9,0
"US $479.90",4001150588092,91,19,true,"Relogio Masculino LIGE 2020 Men's Self-Wind Tourbillon Mechanical Watches Water Resistant Automatic Skeleton Watch Men Relojes","//aliexpress.ru/item/4001150588092.html?gps-id=5547572&scm=1007.19201.130907.0&scm_id=1007.19201.130907.0&scm-url=1007.19201.130907.0&pvid=88aae1a1-1718-4ca9-bbfe-cffcbbc2ee59","//ae01.alicdn.com/kf/H0763595335664c3aa52b8d0df0236121E.jpg_350x350.jpg","US $239.90","US $21.59",0,0,"US $43.19",94.7,4.7,0
"US $666.60",4000803190708,86,399,true,"PAGANI Design Men Automatic Watch Sapphire Luxury Mechanical Wristwatch Stainless Steel Waterproof Watch Men relogio masculino","//aliexpress.ru/item/4000803190708.html?gps-id=5547572&scm=1007.19201.130907.0&scm_id=1007.19201.130907.0&scm-url=1007.19201.130907.0&pvid=88aae1a1-1718-4ca9-bbfe-cffcbbc2ee59","//ae01.alicdn.com/kf/H21426a82a7ad446e8ac60c77b10c7e71k.jpg_350x350.jpg","US $624.93","US $87.49",0,0,"US $93.32",93.3,4.7,0
"US $284.40",4001192998416,87,115,true,"50L Large Capacity Men Army Backpack Tactical Army Military Assault Waterproof Trekking Camping Hunting 3P Softback Sport Bags","//aliexpress.ru/item/4001192998416.html?gps-id=5547572&scm=1007.19201.130907.0&scm_id=1007.19201.130907.0&scm-url=1007.19201.130907.0&pvid=88aae1a1-1718-4ca9-bbfe-cffcbbc2ee59","//ae01.alicdn.com/kf/H71e4de9a82f04f8a9f68238ab2ae82179.jpg_350x350.jpg","US $90.00","US $11.70",0,0,"US $36.97",94.8,4.7,0
"US $284.40",4001223809058,86,17,true,"50L Fishing Camping Backpack New 3D Outdoor Sport Large Climbing Hunting Waterproof Military Tactical Travel Outdoor Men Bag","//aliexpress.ru/item/4001223809058.html?gps-id=5547572&scm=1007.19201.130907.0&scm_id=1007.19201.130907.0&scm-url=1007.19201.130907.0&pvid=88aae1a1-1718-4ca9-bbfe-cffcbbc2ee59","//ae01.alicdn.com/kf/H61521982a6f2498a92f7105cdb00bf30t.jpg_350x350.jpg","US $90.00","US $12.60",0,0,"US $39.82",98.8,4.9,0
"US $38.60",1005001526318296,86,88,true,"Waist Trainer Corset Neoprene Belt Sweat Wrap Tummy Stomach Weight Loss Fat Slimming  Strap Body Waist Support Girdle Shaperwear","//aliexpress.ru/item/1005001526318296.html?gps-id=5547572&scm=1007.19201.130907.0&scm_id=1007.19201.130907.0&scm-url=1007.19201.130907.0&pvid=88aae1a1-1718-4ca9-bbfe-cffcbbc2ee59","//ae01.alicdn.com/kf/H25f3c23d89324cb1ad2f14b55a26f9779.jpg_350x350.jpg","US $36.60","US $5.12",0,0,"US $5.40",90.5,4.5,0
"US $88.27",4000718015559,82,390,true,"Touch Control Bluetooth 5.0 Earphones Wireless Headphones 9D Stereo Headset 3500mAh Charging Case LED Display Fit All Smartphone","//aliexpress.ru/item/4000718015559.html?gps-id=5547572&scm=1007.19201.130907.0&scm_id=1007.19201.130907.0&scm-url=1007.19201.130907.0&pvid=88aae1a1-1718-4ca9-bbfe-cffcbbc2ee59","//ae01.alicdn.com/kf/Ufb92c15a718e43ffa730b1763bd1dbd1K.jpg_350x350.jpg","US $88.27","US $15.89",0,0,"US $15.89",93.9,4.7,0
"US $147.74",4001113105157,85,582,true,"Multifunctional Vegetable Cutter 7Dicing Blades Mandoline Slicer Carrots Peeler Potato Cheese Grater Chopper Kitchen Accessories","//aliexpress.ru/item/4001113105157.html?gps-id=5547572&scm=1007.19201.130907.0&scm_id=1007.19201.130907.0&scm-url=1007.19201.130907.0&pvid=88aae1a1-1718-4ca9-bbfe-cffcbbc2ee59","//ae01.alicdn.com/kf/H39012dcd31314f49b6dc94235d2126f1B.jpg_350x350.jpg","US $30.48","US $4.57",0,0,"US $22.16",96.1,4.8,0
"US $137.74",4000295869168,87,184,true,"10MM Yoga Mat Thickened 183CMX61cm High Quality For Men Women Fitness Tasteless Pilates Gym Exercise Pads NRB Non-slip Pillow Ma","//aliexpress.ru/item/4000295869168.html?gps-id=5547572&scm=1007.19201.130907.0&scm_id=1007.19201.130907.0&scm-url=1007.19201.130907.0&pvid=88aae1a1-1718-4ca9-bbfe-cffcbbc2ee59","//ae01.alicdn.com/kf/H4476eba9ed7e493c9f4ad51a12ac99a8Q.jpg_350x350.jpg","US $25.09","US $0.99",0,0,"US $17.66",94.5,4.7,0
"US $94.95",4000275570695,84,241,true,"Wireless headphones Bluetooth Earphone 5.0 Stero Sound Ear Phones True Earbuds Noise Canceling Headset mi for xiaomi iphone 7 8","//aliexpress.ru/item/4000275570695.html?gps-id=5547572&scm=1007.19201.130907.0&scm_id=1007.19201.130907.0&scm-url=1007.19201.130907.0&pvid=88aae1a1-1718-4ca9-bbfe-cffcbbc2ee59","//ae01.alicdn.com/kf/Hc36bbf41b6f541098feebefb184933b0t.jpg_350x350.jpg","US $74.95","US $11.99",0,0,"US $15.19",92.0,4.6,0
"US $96.94",4001057462609,86,3165,true,"11Pcs/Set Latex Resistance Bands Crossfit Training Exercise Yoga Tubes Pull Rope Rubber Expander Elastic Bands Fitness Equipment","//aliexpress.ru/item/4001057462609.html?gps-id=5547572&scm=1007.19201.130907.0&scm_id=1007.19201.130907.0&scm-url=1007.19201.130907.0&pvid=88aae1a1-1718-4ca9-bbfe-cffcbbc2ee59","//ae01.alicdn.com/kf/H925b81dafda9446da6ac5e93627ca9a0M.jpg_350x350.jpg","US $22.80","US $0.99",0,0,"US $13.48",95.2,4.8,0
"US $25.90",32705411246,83,68,true,"YIKALAISI 925 Sterling Silver Natural Oblate Double Pearl Earrings jewelry For Women 6-7-8mm Pearl Dual Use Way 4 color","//aliexpress.ru/item/32705411246.html?gps-id=5547572&scm=1007.19201.130907.0&scm_id=1007.19201.130907.0&scm-url=1007.19201.130907.0&pvid=88aae1a1-1718-4ca9-bbfe-cffcbbc2ee59","//ae01.alicdn.com/kf/H92e428e2f18a499182f638898894dde0W.jpg_350x350.jpg","US $25.90","US $4.40",0,0,"US $4.40",95.0,4.8,0
"US $47.95",4000777120223,83,135,true,"REMZEIM New 20 22 24 26mm Genuine Leather Watch Band Strap Blue watchband Watch Accessories Bracelet with Solid metal Buckle","//aliexpress.ru/item/4000777120223.html?gps-id=5547572&scm=1007.19201.130907.0&scm_id=1007.19201.130907.0&scm-url=1007.19201.130907.0&pvid=88aae1a1-1718-4ca9-bbfe-cffcbbc2ee59","//ae01.alicdn.com/kf/Hbc5e65072a73461090edd28b8339ca09p.jpg_350x350.jpg","US $47.95","US $8.15",0,0,"US $8.15",96.6,4.8,0
"US $192.62",1005001279313876,83,322,true,"Pure Natural Latex Orthopedic Pillows Thailand Remedial Neck Sleep Pillow Protect Vertebrae Health Care Bedding Cervical Pillow","//aliexpress.ru/item/1005001279313876.html?gps-id=5547572&scm=1007.19201.130907.0&scm_id=1007.19201.130907.0&scm-url=1007.19201.130907.0&pvid=88aae1a1-1718-4ca9-bbfe-cffcbbc2ee59","//ae01.alicdn.com/kf/Hd41436541fde4feb8568cf235c9c50b7d.jpg_350x350.jpg","US $192.62","US $32.75",0,0,"US $32.75",93.4,4.7,0
"US $49.50",32719899593,84,35,true,"FENASY 925 Sterling Silver Earrings Natural Freshwater Pearl Earrings For Women Fashion Evening Party Wedding Fine Jewelry","//aliexpress.ru/item/32719899593.html?gps-id=5547572&scm=1007.19201.130907.0&scm_id=1007.19201.130907.0&scm-url=1007.19201.130907.0&pvid=88aae1a1-1718-4ca9-bbfe-cffcbbc2ee59","//ae01.alicdn.com/kf/H331e0d0fac0144788c0ccc976bd6314bP.jpg_350x350.jpg","US $49.50","US $7.92",0,0,"US $7.92",94.3,4.7,0
"US $131.53",4000613726632,84,179,true,"10mm Thickened Non-slip Yoga Mats Fitness Sports Gym High Quality NRB Tasteless Yoga Women Men Exercise Pilates Yoga Mat Bag","//aliexpress.ru/item/4000613726632.html?gps-id=5547572&scm=1007.19201.130907.0&scm_id=1007.19201.130907.0&scm-url=1007.19201.130907.0&pvid=88aae1a1-1718-4ca9-bbfe-cffcbbc2ee59","//ae01.alicdn.com/kf/H8c3f84854b264a7da2fc4fc7b50d5f39e.jpg_350x350.jpg","US $131.53","US $21.04",0,0,"US $21.04",96.4,4.8,0
"US $124.95",4001290259914,82,19,true,"2020 Steel band luxury Digital Watch Men Sport Watches Heart rate blood pressure Male Wrist Watch For Men Clock Wristwatch+box","//aliexpress.ru/item/4001290259914.html?gps-id=5547572&scm=1007.19201.130907.0&scm_id=1007.19201.130907.0&scm-url=1007.19201.130907.0&pvid=88aae1a1-1718-4ca9-bbfe-cffcbbc2ee59","//ae01.alicdn.com/kf/Hda90e3888ef14e05b3d86a6246b77850Z.jpg_350x350.jpg","US $124.95","US $22.49",0,0,"US $22.49",93.7,4.7,0
"US $104.95",1005001348359395,82,277,true,"Women Smart Watch Real-time Weather Forecast Activity Tracker Heart Rate Monitor Sports Ladies Smart Watch Men For Android IOS","//aliexpress.ru/item/1005001348359395.html?gps-id=5547572&scm=1007.19201.130907.0&scm_id=1007.19201.130907.0&scm-url=1007.19201.130907.0&pvid=88aae1a1-1718-4ca9-bbfe-cffcbbc2ee59","//ae01.alicdn.com/kf/H80db01f4f3814d88b1274bc3e3f531deD.jpg_350x350.jpg","US $94.95","US $17.09",0,0,"US $18.89",95.8,4.8,0
"US $119.95",1005002054755787,82,17,true,"2021 New Color Screen Smart Watch Women Men Waterproof Sport Fitness watch Heart rate blood pressure tracker For Xiaomi Huawei","//aliexpress.ru/item/1005002054755787.html?gps-id=5547572&scm=1007.19201.130907.0&scm_id=1007.19201.130907.0&scm-url=1007.19201.130907.0&pvid=88aae1a1-1718-4ca9-bbfe-cffcbbc2ee59","//ae01.alicdn.com/kf/H57dc8b6be9ef4341b48faf6a1fc35890Q.jpg_350x350.jpg","US $94.95","US $17.09",0,0,"US $21.59",92.9,4.6,0
"US $166.40",4000068842115,82,173,true,"BraveWay LED H4 16000LM Car LED H1 H7 H11 Moto Bulb 12V Auto H4 LED Motorcycle HeadLight H7 HB3 HB4 9005 9006 H8 H11 H3 Fog Lamp","//aliexpress.ru/item/4000068842115.html?gps-id=5547572&scm=1007.19201.130907.0&scm_id=1007.19201.130907.0&scm-url=1007.19201.130907.0&pvid=88aae1a1-1718-4ca9-bbfe-cffcbbc2ee59","//ae01.alicdn.com/kf/Hb8d6c20fc34045d5b512b390a580efabB.jpg_350x350.jpg","US $86.95","US $15.65",0,0,"US $29.95",94.5,4.7,0
"US $59.95",4000602462652,82,37,true,"BraveWay LED Reversing Light for Car Led Auto Lamp for Kia for focus for golf  for kuga... p21w w5w c5w w16w T15 t5 T10 LED Bulb","//aliexpress.ru/item/4000602462652.html?gps-id=5547572&scm=1007.19201.130907.0&scm_id=1007.19201.130907.0&scm-url=1007.19201.130907.0&pvid=88aae1a1-1718-4ca9-bbfe-cffcbbc2ee59","//ae01.alicdn.com/kf/Ha42c77b7b7fa4f80acf400cba98bd7fcT.jpg_350x350.jpg","US $59.95","US $10.79",0,0,"US $10.79",97.3,4.9,0
"US $29.90",1005001592289224,82,25,true,"Fashion New Trendy Heavy Chiffon Flexible Rubber Band Simple Hijab Volumizing Scrunchie Large Bow Headwear Hair Accessories","//aliexpress.ru/item/1005001592289224.html?gps-id=5547572&scm=1007.19201.130907.0&scm_id=1007.19201.130907.0&scm-url=1007.19201.130907.0&pvid=88aae1a1-1718-4ca9-bbfe-cffcbbc2ee59","//ae01.alicdn.com/kf/H32dc102aa7d7465e95dafa6a900f54d57.jpg_350x350.jpg","US $29.90","US $5.38",0,0,"US $5.38",92.8,4.6,0
"US $4.99",32885659185,82,82,true,"2018 New FINE4U E012 316L Stainless Steel Hoop Earrings Heart Earrings For Women Wedding Jewelry","//aliexpress.ru/item/32885659185.html?gps-id=5547572&scm=1007.19201.130907.0&scm_id=1007.19201.130907.0&scm-url=1007.19201.130907.0&pvid=88aae1a1-1718-4ca9-bbfe-cffcbbc2ee59","//ae01.alicdn.com/kf/HTB1wO5nzgmTBuNjy1Xbq6yMrVXan.jpg_350x350.jpg","US $4.89","US $0.88",0,0,"US $0.90",93.2,4.7,0
"US $131.02",4000765243814,82,167,true,"Vegetable Cutter Mandoline Slicer Fruits Tool Shredder Peeler Garlic Chopper Potato Carrot Grater Salad Maker Kitchen Gadgets","//aliexpress.ru/item/4000765243814.html?gps-id=5547572&scm=1007.19201.130907.0&scm_id=1007.19201.130907.0&scm-url=1007.19201.130907.0&pvid=88aae1a1-1718-4ca9-bbfe-cffcbbc2ee59","//ae01.alicdn.com/kf/H91ecd5a824f542eea6de89f942360e79n.jpg_350x350.jpg","US $24.58","US $4.42",0,0,"US $23.58",96.3,4.8,0
"US $204.34",4000154211990,81,2126,true,"50L Large Capacity Men Army Military Tactical Backpack 3P Softback Outdoor Waterproof Bug Rucksack Hiking Camping Hunting Bags","//aliexpress.ru/item/4000154211990.html?gps-id=5547572&scm=1007.19201.130907.0&scm_id=1007.19201.130907.0&scm-url=1007.19201.130907.0&pvid=88aae1a1-1718-4ca9-bbfe-cffcbbc2ee59","//ae01.alicdn.com/kf/H2cb76b8cdbbf4575a82454a192085f8eb.jpg_350x350.jpg","US $180.98","US $34.39",0,0,"US $38.82",96.1,4.8,0
"US $152.28",4000801196050,81,184,true,"Ultralight Folding Camping Chair Fishing BBQ Hiking Chair Picnic Chair Portable Outdoor Tools Travel Foldable Beach Seat Chair","//aliexpress.ru/item/4000801196050.html?gps-id=5547572&scm=1007.19201.130907.0&scm_id=1007.19201.130907.0&scm-url=1007.19201.130907.0&pvid=88aae1a1-1718-4ca9-bbfe-cffcbbc2ee59","//ae01.alicdn.com/kf/He83178f24a44494fbb16eb068bdf4641z.jpg_350x350.jpg","US $110.04","US $20.91",0,0,"US $28.93",95.3,4.8,0
"US $89.92",1005001652006130,81,33,true,"Wind Resistant Automatic Reverse Umbrella For Men Folding Business Reflective Umbrellas Rain Women Portable Large 10K Male Paras","//aliexpress.ru/item/1005001652006130.html?gps-id=5547572&scm=1007.19201.130907.0&scm_id=1007.19201.130907.0&scm-url=1007.19201.130907.0&pvid=88aae1a1-1718-4ca9-bbfe-cffcbbc2ee59","//ae01.alicdn.com/kf/Hf4b79d6b5ea44396bdb900e642d61eb75.jpg_350x350.jpg","US $21.54","US $4.09",0,0,"US $17.08",95.8,4.8,0
"US $40.00",4000715225727,81,331,true,"JONSBO 12020 12CM computer cooling fan quiet cpu power cooler Chassis Case Fan","//aliexpress.ru/item/4000715225727.html?gps-id=5547572&scm=1007.19201.130907.0&scm_id=1007.19201.130907.0&scm-url=1007.19201.130907.0&pvid=88aae1a1-1718-4ca9-bbfe-cffcbbc2ee59","//ae01.alicdn.com/kf/Hec4c03c5406d4f07b1caab416270330eC.jpg_350x350.jpg","US $40.00","US $7.60",0,0,"US $7.60",97.2,4.9,0
"US $388.38",4000542297628,62,312,true,"Glueless Straight Lace Front Wig Bone Straight Human Hair Wigs For Women Transparent Lace Frontal Wig Human Hair T Part Wig Remy","//aliexpress.ru/item/4000542297628.html?gps-id=5547572&scm=1007.19201.130907.0&scm_id=1007.19201.130907.0&scm-url=1007.19201.130907.0&pvid=88aae1a1-1718-4ca9-bbfe-cffcbbc2ee59","//ae01.alicdn.com/kf/H45eb09b57f3d43a8ab737f033c02a5fbN.jpg_350x350.jpg","US $161.10","US $61.22",0,0,"US $147.58",98.3,4.9,0
"US $85.50",4001282621356,83,191,true,"Double Windproof Umbrella Rain Women Ten Bone Automatic 3Folding Umbrella Female Male Car Luxury Large Umbrella Men Rain Parasol","//aliexpress.ru/item/4001282621356.html?gps-id=5547572&scm=1007.19201.130907.0&scm_id=1007.19201.130907.0&scm-url=1007.19201.130907.0&pvid=88aae1a1-1718-4ca9-bbfe-cffcbbc2ee59","//ae01.alicdn.com/kf/H83b1af93bc0b4305a827251e79083663U.jpg_350x350.jpg","US $15.50","US $0.99",0,0,"US $14.10",94.8,4.7,0
"US $240.31",32802618743,78,246,true,"Kingston DataTraveler USB Flash Drives 64GB 128GB Pen Drive 8GB USB 3.0 high speed PenDrives 32GB  Mini Personality USB Stick","//aliexpress.ru/item/32802618743.html?gps-id=5547572&scm=1007.19201.130907.0&scm_id=1007.19201.130907.0&scm-url=1007.19201.130907.0&pvid=88aae1a1-1718-4ca9-bbfe-cffcbbc2ee59","//ae01.alicdn.com/kf/Haf1ee0cd22ce4a5dab11c6648d8e1f85G.jpg_350x350.jpg","US $30.31","US $6.67",0,0,"US $52.87",96.3,4.8,0
"US $133.81",4000715647332,79,55,true,"Travel Ultralight Folding Chair Weight Heavy Duty Foldable Beach Portable Beach Hiking Picnic Seat Fishing Tools Chair Seat","//aliexpress.ru/item/4000715647332.html?gps-id=5547572&scm=1007.19201.130907.0&scm_id=1007.19201.130907.0&scm-url=1007.19201.130907.0&pvid=88aae1a1-1718-4ca9-bbfe-cffcbbc2ee59","//ae01.alicdn.com/kf/H9840188fa51f4f05bf626a7e2b5c4dcbT.jpg_350x350.jpg","US $133.81","US $28.10",0,0,"US $28.10",96.0,4.8,0
"US $189.99",32817799461,76,691,true,"YI 1080p WiFi Home Camera Wireless IP Security Surveillance System (US/EU Edition) AI Human detection nanny monitor Night vision","//aliexpress.ru/item/32817799461.html?gps-id=5547572&scm=1007.19201.130907.0&scm_id=1007.19201.130907.0&scm-url=1007.19201.130907.0&pvid=88aae1a1-1718-4ca9-bbfe-cffcbbc2ee59","//ae01.alicdn.com/kf/H7a0e1bf500864f7db2efa2dc0427a589Z.jpg_350x350.jpg","US $83.32","US $20.00",0,0,"US $45.60",97.0,4.8,0
"US $12.45",1005001322303645,66,20627,true,"LED Strip Light Flexible Lamp 1M 2M 3M 4M 5M Tape Diode SMD 2835 DC5V Desk Screen TV Background Lighting USB Cable 3 Key Control","//aliexpress.ru/item/1005001322303645.html?gps-id=5547572&scm=1007.19201.130907.0&scm_id=1007.19201.130907.0&scm-url=1007.19201.130907.0&pvid=88aae1a1-1718-4ca9-bbfe-cffcbbc2ee59","//ae01.alicdn.com/kf/H6a2d5a2514bf4d3f9373af07602168a5z.jpg_350x350.jpg","US $3.70","US $1.26",0,0,"US $4.23",94.6,4.7,0
"US $105.60",32869200252,78,98,true,"XYj Kitchen Cooking Stainless Steel Knives Tools Black Blade Paring Utility Santoku Chef Slicing Bread Kitchen Accessories Tools","//aliexpress.ru/item/32869200252.html?gps-id=5547572&scm=1007.19201.130907.0&scm_id=1007.19201.130907.0&scm-url=1007.19201.130907.0&pvid=88aae1a1-1718-4ca9-bbfe-cffcbbc2ee59","//ae01.alicdn.com/kf/HTB1d2PDaifrK1RjSspbq6A4pFXa2.jpg_350x350.jpg","US $105.60","US $23.23",0,0,"US $23.23",98.2,4.9,0
"US $125.70",4001249213095,78,73,true,"Ultralight Folding Camping Chair Fishing Picnic Chair BBQ Hiking Chair Outdoor Tools Travel Foldable Beach Seat Chair ÑÑÑÐ»","//aliexpress.ru/item/4001249213095.html?gps-id=5547572&scm=1007.19201.130907.0&scm_id=1007.19201.130907.0&scm-url=1007.19201.130907.0&pvid=88aae1a1-1718-4ca9-bbfe-cffcbbc2ee59","//ae01.alicdn.com/kf/H5ab3053a573c4c2aaae6f5829d7eb91dr.jpg_350x350.jpg","US $29.20","US $6.42",0,0,"US $27.65",94.8,4.7,0
"US $179.40",4001252600978,78,253,true,"Outdoor Portable Folding Chair Maximum Load Of 150kg Ultralight Travel Fishing Camping Chair Picnic Home Seat Moon Chair ìº íìì","//aliexpress.ru/item/4001252600978.html?gps-id=5547572&scm=1007.19201.130907.0&scm_id=1007.19201.130907.0&scm-url=1007.19201.130907.0&pvid=88aae1a1-1718-4ca9-bbfe-cffcbbc2ee59","//ae01.alicdn.com/kf/H031d78c12e78413d852ceb2feb7d62deQ.jpg_350x350.jpg","US $24.00","US $5.28",0,0,"US $39.47",93.4,4.7,0
"US $239.90",4000917947184,91,637,true,"LIGE New Men Watch Business Waterproof Date Watches Fashion Multifunction Stainless Steel Black Quartz Watch relojes para hombre","//aliexpress.ru/item/4000917947184.html?gps-id=5547572&scm=1007.19201.130907.0&scm_id=1007.19201.130907.0&scm-url=1007.19201.130907.0&pvid=88aae1a1-1718-4ca9-bbfe-cffcbbc2ee59","//ae01.alicdn.com/kf/H6339a654a8df421baad38cb03d1ac5efI.jpg_350x350.jpg","US $239.90","US $21.59",0,0,"US $21.59",96.4,4.8,0
"US $169.90",33012849178,91,339,true,"LIGE 2020 New Watch Men Fashion Sport Quartz Clock Mens Watches Brand Luxury Leather Business Waterproof Watch Relogio Masculino","//aliexpress.ru/item/33012849178.html?gps-id=5547572&scm=1007.19201.130907.0&scm_id=1007.19201.130907.0&scm-url=1007.19201.130907.0&pvid=88aae1a1-1718-4ca9-bbfe-cffcbbc2ee59","//ae01.alicdn.com/kf/HTB1CfPDVbPpK1RjSZFFq6y5PpXaD.jpg_350x350.jpg","US $145.90","US $13.13",0,0,"US $15.29",93.7,4.7,0
"US $160.70",32860000692,91,486,true,"CURREN Gold Watch Women Watches Ladies Creative Steel Women's Bracelet Watches Female Clock Relogio Feminino Montre Femme","//aliexpress.ru/item/32860000692.html?gps-id=5547572&scm=1007.19201.130907.0&scm_id=1007.19201.130907.0&scm-url=1007.19201.130907.0&pvid=88aae1a1-1718-4ca9-bbfe-cffcbbc2ee59","//ae01.alicdn.com/kf/HTB1yMutbYZnBKNjSZFGq6zt3FXai.jpg_350x350.jpg","US $160.70","US $14.46",0,0,"US $14.46",95.6,4.8,0
"US $209.90",33001940530,90,64,true,"2020 New Women Gift Clock LIGE Fashion Brand Quartz Wristwatch Ladies Luxury Rose Gold Watch Female Watch Women Relogio Feminino","//aliexpress.ru/item/33001940530.html?gps-id=5547572&scm=1007.19201.130907.0&scm_id=1007.19201.130907.0&scm-url=1007.19201.130907.0&pvid=88aae1a1-1718-4ca9-bbfe-cffcbbc2ee59","//ae01.alicdn.com/kf/HTB1Xk2tRkvoK1RjSZPfq6xPKFXa6.jpg_350x350.jpg","US $169.90","US $16.99",0,0,"US $20.99",94.1,4.7,0
